id;id_paroisse;id_culte;jour;heure;minute;details;ref_eglise;ref_lieu;
1;1;1;samedi;18;00;Messe dominicale Avec orgue de choeur et animateur liturgique;0;0;
2;2;2;samedi;18;00;Messe dominicale;1;1;
3;3;3;samedi;18;30;Messe dominicale Polonais;2;2;
4;4;4;samedi;18;30;Messe dominicale;3;3;
5;3;3;dimanche;08;00;Messe dominicale Polonais;2;2;
6;3;3;dimanche;09;30;Messe dominicale Polonais;2;2;
7;1;1;dimanche;09;30;Messe dominicale À la chapelle de la Vierge;0;0;
8;2;2;dimanche;09;45;Messe dominicale Latin, Rite extraordinaire tridentin (missel saint Pie V / Jean XXIII);1;1;
9;3;3;dimanche;11;00;Messe dominicale Polonais;2;2;
10;1;1;dimanche;11;00;Messe dominicale Avec grand orgue, orgue de choeur et les Chanteurs de Saint-Eustache;0;0;
11;5;5;dimanche;11;00;Messe dominicale;4;4;
12;4;4;dimanche;11;00;Messe dominicale;3;3;
13;2;2;dimanche;11;30;Messe dominicale;1;1;
14;4;4;dimanche;12;15;Messe dominicale;3;3;
15;3;3;dimanche;14;00;Messe dominicale Polonais;2;2;
16;3;3;dimanche;16;00;Messe dominicale Polonais, Jeune;2;2;
17;1;1;dimanche;18;00;Messe dominicale Avec grand orgue, orgue de choeur et animateur liturgique;0;0;
18;4;4;dimanche;18;30;Messe dominicale Jeune;3;3;
19;2;2;dimanche;19;00;Messe dominicale Grégorien;1;1;
20;3;3;dimanche;19;30;Messe dominicale Polonais, Jeune;2;2;
21;6;6;samedi;17;30;Messe dominicale;5;5;
22;7;7;samedi;18;00;Messe dominicale;6;6;
23;6;6;dimanche;10;30;Messe dominicale;5;5;
24;7;7;dimanche;11;00;Messe dominicale 17h Office des Vêpres;6;6;
25;7;7;dimanche;18;00;Messe dominicale 17h Office des Vêpres;6;6;
26;8;8;samedi;18;30;Messe dominicale;7;7;
27;9;9;samedi;18;30;Messe dominicale;8;8;
28;10;10;samedi;18;30;Messe dominicale Messe;9;9;
29;8;8;dimanche;09;30;Messe dominicale;7;7;
30;8;8;dimanche;11;00;Messe dominicale;7;7;
31;9;9;dimanche;11;00;Messe dominicale;8;8;
32;10;10;dimanche;11;00;Messe dominicale Messe;9;9;
33;11;11;samedi;18;00;Messe dominicale;10;10;
34;12;12;samedi;18;15;Messe dominicale;11;11;
35;13;13;samedi;18;30;Messe dominicale;12;12;
36;14;14;samedi;18;30;Messe dominicale;13;13;
37;15;15;samedi;18;30;Messe dominicale;14;14;
38;13;13;dimanche;08;30;Messe dominicale;12;12;
39;11;11;dimanche;09;30;Messe dominicale;10;10;
40;13;13;dimanche;10;00;Messe dominicale Grégorien;12;12;
41;15;15;dimanche;10;00;Messe dominicale;14;14;
42;12;12;dimanche;11;00;Messe dominicale;11;11;
43;16;16;dimanche;11;00;Messe dominicale garderie pour les enfants disponible, 1h30;15;15;
44;14;14;dimanche;11;00;Messe dominicale;13;13;
45;11;11;dimanche;11;00;Messe dominicale;10;10;
46;15;15;dimanche;11;15;Messe dominicale;14;14;
47;13;13;dimanche;11;30;Messe dominicale Messe internationale;12;12;
48;13;13;dimanche;12;45;Messe dominicale;12;12;
49;13;13;dimanche;18;30;Messe dominicale Messe polyphonique;12;12;
50;11;11;dimanche;19;00;Messe dominicale Jeune;10;10;
51;17;17;samedi;17;00;Messe dominicale;16;16;
52;18;18;samedi;18;15;Messe dominicale;17;17;
53;19;19;samedi;18;30;Messe dominicale;18;18;
54;20;20;samedi;18;30;Messe dominicale;19;19;
55;21;21;samedi;18;45;Messe dominicale;20;20;
56;21;21;dimanche;09;00;Messe dominicale;20;20;
57;20;20;dimanche;09;30;Messe dominicale;19;19;
58;18;22;dimanche;09;30;Messe dominicale;17;21;
59;18;18;dimanche;10;00;Messe dominicale;17;17;
60;22;23;dimanche;10;30;Messe dominicale;21;22;
61;19;19;dimanche;11;00;Messe dominicale;18;18;
62;21;21;dimanche;11;00;Messe dominicale;20;20;
63;23;24;dimanche;11;00;Messe dominicale;22;23;
64;20;20;dimanche;11;00;Messe dominicale;19;19;
65;18;18;dimanche;11;15;Messe dominicale;17;17;
66;21;25;dimanche;11;30;Messe dominicale Anglais;20;24;
67;22;23;dimanche;12;00;Messe dominicale;21;22;
68;19;19;dimanche;18;00;Messe dominicale;18;18;
69;23;24;dimanche;18;00;Messe dominicale;22;23;
70;22;23;dimanche;18;00;Messe dominicale;21;22;
71;21;21;dimanche;18;45;Messe dominicale Jeune;20;20;
72;18;18;dimanche;19;00;Messe dominicale;17;17;
73;20;20;dimanche;19;00;Messe dominicale;19;19;
74;22;23;dimanche;19;30;Messe dominicale;21;22;
75;24;26;samedi;18;15;Messe dominicale;23;25;
76;25;27;samedi;18;30;Messe dominicale;24;26;
77;24;28;samedi;18;30;Messe dominicale;23;27;
78;24;29;samedi;18;45;Messe dominicale Orgue;23;28;
79;26;30;samedi;19;00;Messe dominicale;25;29;
80;24;29;dimanche;07;00;Messe dominicale Chapelle Assomption (entrée 2 rue Garancière), 45min;23;28;
81;24;28;dimanche;08;30;Messe dominicale;23;27;
82;26;30;dimanche;09;00;Messe dominicale;25;29;
83;24;29;dimanche;09;00;Messe dominicale Chapelle de la Vierge, orgue de choeur, Orgue;23;28;
84;25;27;dimanche;09;30;Messe dominicale;24;26;
85;24;28;dimanche;09;30;Messe dominicale;23;27;
86;25;31;dimanche;10;30;Messe dominicale Avec les psaumes de l'office du Milieu du Jour.;24;30;
87;25;32;dimanche;10;30;Messe dominicale;24;31;
88;27;33;dimanche;10;30;Messe dominicale;26;32;
89;25;27;dimanche;11;00;Messe dominicale;24;26;
90;26;30;dimanche;11;00;Messe dominicale;25;29;
91;24;28;dimanche;11;00;Messe dominicale;23;27;
92;24;29;dimanche;11;00;Messe dominicale Chapelle Assomption - Messe des Papas, Enfants;23;28;
93;24;29;dimanche;11;00;Messe dominicale MESSE PRINCIPALE, Orgue, Choeur, Chanté;23;28;
94;24;26;dimanche;11;00;Messe dominicale;23;25;
95;26;30;dimanche;17;00;Messe dominicale Espagnol;25;29;
96;25;27;dimanche;17;30;Messe dominicale;24;26;
97;24;29;dimanche;18;45;Messe dominicale Grand orgue et orgue de choeur, Orgue;23;28;
98;26;30;dimanche;19;00;Messe dominicale Jeune;25;29;
99;24;28;dimanche;19;00;Messe dominicale Messe qui prend son temps, 1h30, Jeune;23;27;
100;25;27;dimanche;19;30;Messe dominicale Jeune;24;26;
101;28;34;samedi;17;15;Messe dominicale Français, Orgue, Chanté;27;33;
102;27;35;samedi;18;30;Messe dominicale;26;34;
103;29;36;samedi;18;30;Messe dominicale;28;35;
104;30;37;samedi;18;30;Messe dominicale;29;36;
105;31;38;samedi;18;30;Messe dominicale;30;37;
106;28;34;dimanche;08;00;Messe dominicale Français, Orgue, Chanté;27;33;
107;29;36;dimanche;08;30;Messe dominicale;28;35;
108;27;35;dimanche;09;00;Messe dominicale Grégorien;26;34;
109;30;37;dimanche;09;30;Messe dominicale;29;36;
110;29;36;dimanche;09;45;Messe dominicale Grégorien;28;35;
111;28;34;dimanche;10;00;Messe dominicale Français, Orgue, Chanté;27;33;
112;27;39;dimanche;10;00;Messe dominicale;26;38;
113;27;35;dimanche;10;15;Messe dominicale Garderie, Famille;26;34;
114;29;36;dimanche;10;30;Messe dominicale Famille;28;35;
115;27;40;dimanche;11;00;Messe dominicale;26;39;
116;32;41;dimanche;11;00;Messe dominicale;31;40;
117;30;37;dimanche;11;00;Messe dominicale;29;36;
118;31;38;dimanche;11;00;Messe dominicale;30;37;
119;32;42;dimanche;11;00;Messe dominicale;31;41;
120;28;34;dimanche;11;15;Messe dominicale Français, Orgue, Chanté;27;33;
121;29;36;dimanche;11;15;Messe dominicale;28;35;
122;27;35;dimanche;11;30;Messe dominicale Chanté, Accessible aux personnes sourdes;26;34;
123;30;37;dimanche;18;30;Messe dominicale;29;36;
124;31;43;dimanche;19;00;Messe dominicale;30;42;
125;27;35;dimanche;19;00;Messe dominicale Jeune;26;34;
126;29;36;dimanche;19;00;Messe dominicale Jeune;28;35;
127;3;44;samedi;18;00;Messe dominicale;2;43;
128;33;45;samedi;18;00;Messe dominicale;32;44;
129;34;46;samedi;18;30;Messe dominicale;33;45;
130;35;47;samedi;18;30;Messe dominicale;34;46;
131;33;48;samedi;18;30;Messe dominicale;32;47;
132;33;49;samedi;18;30;Messe dominicale;32;48;
133;35;47;dimanche;09;00;Messe dominicale;34;46;
134;33;45;dimanche;09;00;Messe dominicale;32;44;
135;3;44;dimanche;09;30;Messe dominicale Chants et orgue;2;43;
136;33;48;dimanche;09;30;Messe dominicale;32;47;
137;35;47;dimanche;10;00;Messe dominicale;34;46;
138;34;46;dimanche;10;45;Messe dominicale Garderie sur inscription;33;45;
139;3;44;dimanche;11;00;Messe dominicale Messe solennelle, deux orgues et ensemble vocal de la Madeleine;2;43;
140;35;47;dimanche;11;00;Messe dominicale;34;46;
141;33;48;dimanche;11;00;Messe dominicale;32;47;
142;33;49;dimanche;11;00;Messe dominicale;32;48;
143;33;45;dimanche;11;00;Messe dominicale;32;44;
144;3;44;dimanche;18;00;Messe dominicale;2;43;
145;33;48;dimanche;18;30;Messe dominicale Jeune;32;47;
146;33;49;dimanche;18;30;Messe dominicale;32;48;
147;34;46;dimanche;19;00;Messe dominicale;33;45;
148;35;47;dimanche;19;00;Messe dominicale;34;46;
149;36;50;samedi;15;30;Messe dominicale;35;49;
150;36;50;samedi;17;00;Messe dominicale;35;49;
151;37;51;samedi;18;00;Messe dominicale;36;50;
152;38;52;samedi;18;30;Messe dominicale;37;51;
153;36;50;samedi;18;30;Messe dominicale;35;49;
154;36;50;dimanche;09;00;Messe dominicale;35;49;
155;38;52;dimanche;09;30;Messe dominicale;37;51;
156;39;53;dimanche;09;45;Messe dominicale;38;52;
157;36;50;dimanche;10;30;Messe dominicale Grégorien;35;49;
158;37;54;dimanche;11;00;Messe dominicale;36;53;
159;38;52;dimanche;11;00;Messe dominicale;37;51;
160;39;53;dimanche;11;00;Messe dominicale Latin, Rite extraordinaire tridentin (missel saint Pie V / Jean XXIII);38;52;
161;37;51;dimanche;11;00;Messe dominicale;36;50;
162;36;50;dimanche;12;00;Messe dominicale;35;49;
163;38;52;dimanche;18;30;Messe dominicale;37;51;
164;36;50;dimanche;18;30;Messe dominicale;35;49;
165;37;54;dimanche;19;00;Messe dominicale Jeune;36;53;
166;36;50;dimanche;21;00;Messe dominicale;35;49;
167;40;55;samedi;18;00;Messe dominicale;39;54;
168;40;55;samedi;18;00;Messe dominicale;39;54;
169;41;56;samedi;18;30;Messe dominicale;40;55;
170;42;33;samedi;18;30;Messe dominicale;41;32;
171;43;57;dimanche;09;00;Messe dominicale;42;56;
172;40;55;dimanche;09;30;Messe dominicale;39;54;
173;41;56;dimanche;09;30;Messe dominicale;40;55;
174;44;58;dimanche;10;15;Messe dominicale;43;57;
175;43;59;dimanche;10;30;Messe dominicale;42;58;
176;42;33;dimanche;10;30;Messe dominicale;41;32;
177;45;60;dimanche;11;00;Messe dominicale La chapelle se trouve au 12 rue de la Grange aux Belles;44;59;
178;40;55;dimanche;11;00;Messe dominicale;39;54;
179;41;56;dimanche;11;00;Messe dominicale;40;55;
180;42;33;dimanche;18;30;Messe dominicale;41;32;
181;40;55;dimanche;19;00;Messe dominicale;39;54;
182;46;61;samedi;18;30;Messe dominicale;45;60;
183;47;62;samedi;18;30;Messe dominicale;46;61;
184;48;63;samedi;18;30;Messe dominicale;47;62;
185;49;64;samedi;18;30;Messe dominicale Orgue;48;63;
186;50;65;samedi;18;30;Messe dominicale;49;64;
187;48;63;dimanche;09;00;Messe dominicale;47;62;
188;49;64;dimanche;09;30;Messe dominicale Portugais, Orgue;48;63;
189;46;61;dimanche;10;30;Messe dominicale;45;60;
190;47;62;dimanche;10;30;Messe dominicale;46;61;
191;51;66;dimanche;10;30;Messe dominicale;50;65;
192;48;63;dimanche;11;00;Messe dominicale;47;62;
193;49;64;dimanche;11;00;Messe dominicale Partage de la Parole adapté aux enfants, Orgue;48;63;
194;50;65;dimanche;11;00;Messe dominicale;49;64;
195;49;67;dimanche;11;30;Messe dominicale Tamoul;48;66;
196;49;64;dimanche;12;30;Messe dominicale Tamoul;48;63;
197;51;66;dimanche;18;30;Messe dominicale;50;65;
198;48;63;dimanche;18;30;Messe dominicale Jeune;47;62;
199;49;64;dimanche;18;30;Messe dominicale;48;63;
200;50;65;dimanche;18;30;Messe dominicale;49;64;
201;52;68;samedi;17;00;Messe dominicale;51;67;
202;53;69;samedi;18;00;Messe dominicale;52;68;
203;54;70;samedi;18;30;Messe dominicale;53;69;
204;55;71;samedi;18;30;Messe dominicale;54;70;
205;56;72;samedi;18;30;Messe dominicale;55;71;
206;52;73;samedi;18;30;Messe dominicale;51;72;
207;53;69;dimanche;08;00;Messe dominicale;52;68;
208;53;69;dimanche;09;30;Messe dominicale;52;68;
209;52;73;dimanche;10;00;Messe dominicale;51;72;
210;55;71;dimanche;10;45;Messe dominicale;54;70;
211;56;72;dimanche;11;00;Messe dominicale;55;71;
212;53;69;dimanche;11;00;Messe dominicale Enfants;52;68;
213;55;74;dimanche;11;30;Messe dominicale;54;73;
214;52;73;dimanche;11;30;Messe dominicale;51;72;
215;57;75;dimanche;15;30;Messe dominicale;56;74;
216;56;72;dimanche;18;30;Messe dominicale;55;71;
217;52;73;dimanche;18;30;Messe dominicale;51;72;
218;55;71;dimanche;19;00;Messe dominicale;54;70;
219;53;69;dimanche;19;00;Messe dominicale;52;68;
220;58;76;samedi;15;00;Messe dominicale;57;75;
221;59;77;samedi;18;00;Messe dominicale;58;76;
222;60;78;samedi;18;30;Messe dominicale;59;77;
223;61;79;samedi;18;30;Messe dominicale;60;78;
224;59;77;dimanche;09;00;Messe dominicale;58;76;
225;61;79;dimanche;09;00;Messe dominicale;60;78;
226;58;76;dimanche;09;30;Messe dominicale;57;75;
227;60;78;dimanche;09;30;Messe dominicale;59;77;
228;62;80;dimanche;10;30;Messe dominicale;61;79;
229;63;81;dimanche;10;30;Messe dominicale;62;80;
230;59;77;dimanche;10;30;Messe dominicale;58;76;
231;64;82;dimanche;10;30;Messe dominicale;63;81;
232;60;78;dimanche;11;00;Messe dominicale;59;77;
233;65;83;dimanche;11;00;Messe dominicale;64;82;
234;61;79;dimanche;11;00;Messe dominicale;60;78;
235;61;84;dimanche;11;00;Messe dominicale;60;83;
236;60;85;dimanche;18;30;Messe dominicale;59;84;
237;60;85;dimanche;18;30;Messe dominicale;59;84;
238;59;77;dimanche;18;30;Messe dominicale Jeune;58;76;
239;64;82;dimanche;18;30;Messe dominicale;63;81;
240;65;83;dimanche;19;00;Messe dominicale;64;82;
241;66;86;samedi;17;00;Messe dominicale;65;85;
242;66;86;samedi;17;00;Messe dominicale;65;85;
243;67;87;samedi;17;30;Messe dominicale;66;86;
244;68;88;samedi;17;30;Messe dominicale;67;87;
245;69;89;samedi;18;00;Messe dominicale;68;88;
246;70;90;samedi;18;30;Messe dominicale;69;89;
247;68;91;samedi;18;30;Messe dominicale;67;90;
248;71;92;samedi;18;30;Messe dominicale;70;91;
249;69;89;dimanche;09;00;Messe dominicale;68;88;
250;70;90;dimanche;09;00;Messe dominicale Portugais;69;89;
251;66;86;dimanche;09;30;Messe dominicale;65;85;
252;71;92;dimanche;09;30;Messe dominicale;70;91;
253;65;93;dimanche;09;30;Messe dominicale;64;92;
254;72;94;dimanche;10;30;Messe dominicale;71;93;
255;67;95;dimanche;10;30;Messe dominicale;66;94;
256;73;96;dimanche;10;30;Messe dominicale;72;95;
257;69;89;dimanche;10;30;Messe dominicale;68;88;
258;68;91;dimanche;10;30;Messe dominicale;67;90;
259;71;97;dimanche;10;30;Messe dominicale;70;96;
260;70;90;dimanche;10;45;Messe dominicale;69;89;
261;68;88;dimanche;10;45;Messe dominicale;67;87;
262;71;92;dimanche;11;00;Messe dominicale;70;91;
263;25;98;dimanche;11;00;Messe dominicale;24;97;
264;68;88;dimanche;17;30;Messe dominicale;67;87;
265;70;90;dimanche;18;00;Messe dominicale Latin, Rite extraordinaire tridentin (missel saint Pie V / Jean XXIII);69;89;
266;71;92;dimanche;18;30;Messe dominicale;70;91;
267;69;89;dimanche;19;00;Messe dominicale;68;88;
268;74;99;samedi;16;00;Messe dominicale La chapelle est située au rdc du Carré Necker Porte N4.;73;98;
269;75;100;samedi;17;00;Messe dominicale;74;99;
270;76;101;samedi;18;00;Messe dominicale;75;100;
271;77;102;samedi;18;00;Messe dominicale;76;101;
272;25;103;samedi;18;15;Messe dominicale;24;102;
273;78;104;samedi;18;30;Messe dominicale;77;103;
274;79;105;samedi;18;30;Messe dominicale;78;104;
275;80;106;samedi;18;30;Messe dominicale;79;105;
276;81;107;samedi;18;30;Messe dominicale;80;106;
277;82;108;samedi;18;30;Messe dominicale Français;81;107;
278;83;109;samedi;18;30;Messe dominicale;82;108;
279;77;110;samedi;18;30;Messe dominicale;76;109;
280;81;111;samedi;18;30;Messe dominicale;80;110;
281;82;108;dimanche;08;00;Messe dominicale Grand Messe, Français;81;107;
282;79;105;dimanche;08;45;Messe dominicale;78;104;
283;80;106;dimanche;09;00;Messe dominicale;79;105;
284;81;107;dimanche;09;00;Messe dominicale;80;106;
285;77;102;dimanche;09;00;Messe dominicale;76;101;
286;84;62;dimanche;09;00;Messe dominicale;83;61;
287;78;104;dimanche;09;30;Messe dominicale;77;103;
288;83;109;dimanche;09;30;Messe dominicale;82;108;
289;82;108;dimanche;09;45;Messe dominicale Messe des familles, Français;81;107;
290;74;99;dimanche;10;00;Messe dominicale;73;98;
291;79;105;dimanche;10;00;Messe dominicale Garderie;78;104;
292;81;111;dimanche;10;00;Messe dominicale;80;110;
293;82;112;dimanche;10;00;Messe dominicale Français;81;111;
294;25;103;dimanche;10;15;Messe dominicale;24;102;
295;81;107;dimanche;10;30;Messe dominicale À la chapelle Saint-Étienne, Famille;80;106;
296;83;109;dimanche;10;30;Messe dominicale;82;108;
297;85;113;dimanche;10;30;Messe dominicale;84;112;
298;78;104;dimanche;11;00;Messe dominicale;77;103;
299;76;101;dimanche;11;00;Messe dominicale;75;100;
300;80;106;dimanche;11;00;Messe dominicale;79;105;
301;81;107;dimanche;11;00;Messe dominicale;80;106;
302;82;108;dimanche;11;00;Messe dominicale Français;81;107;
303;77;102;dimanche;11;00;Messe dominicale;76;101;
304;83;109;dimanche;11;00;Messe dominicale;82;108;
305;86;114;dimanche;11;00;Messe dominicale Salle Forum de l'hôpital;85;113;
306;81;111;dimanche;11;15;Messe dominicale;80;110;
307;82;112;dimanche;11;15;Messe dominicale Latin, Rite extraordinaire tridentin (missel saint Pie V / Jean XXIII);81;111;
308;25;103;dimanche;11;30;Messe dominicale;24;102;
309;81;107;dimanche;12;15;Messe dominicale À la chapelle Saint-Étienne;80;106;
310;76;101;dimanche;18;00;Messe dominicale;75;100;
311;78;104;dimanche;18;30;Messe dominicale;77;103;
312;79;105;dimanche;18;30;Messe dominicale;78;104;
313;80;106;dimanche;18;30;Messe dominicale;79;105;
314;81;107;dimanche;18;30;Messe dominicale Jeune;80;106;
315;82;108;dimanche;18;30;Messe dominicale;81;107;
316;77;102;dimanche;18;30;Messe dominicale;76;101;
317;83;109;dimanche;19;00;Messe dominicale;82;108;
318;87;115;samedi;18;30;Messe dominicale Jeune;86;114;
319;88;116;samedi;18;30;Messe dominicale;87;115;
320;89;117;samedi;18;30;Messe dominicale Nouvelle église;88;116;
321;90;118;samedi;18;30;Messe dominicale;89;117;
322;91;119;samedi;18;30;Messe dominicale;90;118;
323;87;120;samedi;18;30;Messe dominicale;86;119;
324;89;121;samedi;18;30;Messe dominicale;88;120;
325;87;122;samedi;18;30;Messe dominicale;86;121;
326;92;123;samedi;19;00;Messe dominicale;91;122;
327;89;121;samedi;19;30;Messe dominicale Espagnol;88;120;
328;87;124;dimanche;08;30;Messe dominicale;86;123;
329;89;117;dimanche;09;00;Messe dominicale Ancienne église, Grégorien;88;116;
330;90;118;dimanche;09;00;Messe dominicale;89;117;
331;91;119;dimanche;09;00;Messe dominicale;90;118;
332;92;123;dimanche;09;00;Messe dominicale;91;122;
333;88;116;dimanche;09;30;Messe dominicale;87;115;
334;87;120;dimanche;09;30;Messe dominicale Portugais;86;119;
335;87;125;dimanche;09;30;Messe dominicale avec les Srs de Bethléem;86;124;
336;89;121;dimanche;09;30;Messe dominicale;88;120;
337;93;126;dimanche;10;00;Messe dominicale pour pavillons RACINE, DEBUSSY, MUSSET, BALME, CHOPIN;92;125;
338;91;119;dimanche;10;15;Messe dominicale Garderie, Famille;90;118;
339;87;120;dimanche;10;25;Messe dominicale À la crypte, Famille;86;119;
340;89;117;dimanche;10;30;Messe dominicale Ancienne église. Garderie, Famille;88;116;
341;90;118;dimanche;10;30;Messe dominicale;89;117;
342;92;123;dimanche;10;30;Messe dominicale;91;122;
343;87;122;dimanche;10;30;Messe dominicale Allemand;86;121;
344;89;121;dimanche;10;45;Messe dominicale;88;120;
345;93;126;dimanche;11;00;Messe dominicale pour pavillons APOLLINAIRE, MOLIERE, PROUST, BEAUSOLEIL;92;125;
346;88;116;dimanche;11;00;Messe dominicale;87;115;
347;89;117;dimanche;11;00;Messe dominicale Nouvelle église;88;116;
348;87;120;dimanche;11;00;Messe dominicale;86;119;
349;88;127;dimanche;11;00;Messe dominicale;87;126;
350;88;68;dimanche;11;15;Messe dominicale Portugais;87;67;
351;91;119;dimanche;11;30;Messe dominicale;90;118;
352;87;125;dimanche;11;30;Messe dominicale avec la Paroisse;86;124;
353;89;117;dimanche;12;00;Messe dominicale Ancienne église;88;116;
354;90;118;dimanche;12;00;Messe dominicale;89;117;
355;92;123;dimanche;12;00;Messe dominicale Latin, Rite extraordinaire tridentin (missel saint Pie V / Jean XXIII);91;122;
356;89;121;dimanche;12;00;Messe dominicale Espagnol;88;120;
357;88;116;dimanche;12;10;Messe dominicale À la crypte;87;115;
358;88;68;dimanche;15;30;Messe dominicale Communauté philippine, Anglais;87;67;
359;88;116;dimanche;18;30;Messe dominicale;87;115;
360;89;117;dimanche;18;30;Messe dominicale Nouvelle église;88;116;
361;91;119;dimanche;18;30;Messe dominicale;90;118;
362;87;120;dimanche;18;30;Messe dominicale Jeune;86;119;
363;92;123;dimanche;18;30;Messe dominicale Jeune;91;122;
364;90;118;dimanche;19;00;Messe dominicale Jeune;89;117;
365;88;68;dimanche;19;00;Messe dominicale Jeune;87;67;
366;89;121;dimanche;19;00;Messe dominicale Espagnol;88;120;
367;88;116;dimanche;21;30;Messe dominicale À la crypte;87;115;
368;94;128;samedi;17;00;Messe dominicale A la Chapelle, Espagnol;93;127;
369;94;128;samedi;18;00;Messe dominicale;93;127;
370;95;129;samedi;18;00;Messe dominicale;94;128;
371;96;130;samedi;18;00;Messe dominicale;95;129;
372;97;131;samedi;18;00;Messe dominicale;96;130;
373;96;132;samedi;18;00;Messe dominicale;95;131;
374;98;133;samedi;18;30;Messe dominicale;97;132;
375;99;134;samedi;18;30;Messe dominicale;98;133;
376;100;135;samedi;18;30;Messe dominicale;99;134;
377;101;136;samedi;18;30;Messe dominicale;100;135;
378;101;136;samedi;18;30;Messe dominicale;100;135;
379;99;137;dimanche;08;00;Messe dominicale;98;136;
380;101;136;dimanche;08;30;Messe dominicale;100;135;
381;98;133;dimanche;09;00;Messe dominicale;97;132;
382;96;130;dimanche;09;00;Messe dominicale Portugais;95;129;
383;97;131;dimanche;09;00;Messe dominicale;96;130;
384;95;129;dimanche;09;30;Messe dominicale;94;128;
385;97;131;dimanche;09;30;Messe dominicale Latin, Rite extraordinaire tridentin (missel saint Pie V / Jean XXIII);96;130;
386;98;133;dimanche;10;00;Messe dominicale;97;132;
387;99;134;dimanche;10;00;Messe dominicale;98;133;
388;100;135;dimanche;10;30;Messe dominicale;99;134;
389;97;138;dimanche;10;30;Messe dominicale;96;137;
390;101;136;dimanche;10;30;Messe dominicale;100;135;
391;96;130;dimanche;10;30;Messe dominicale;95;129;
392;97;131;dimanche;10;30;Messe dominicale À la crypte;96;130;
393;96;132;dimanche;10;45;Messe dominicale;95;131;
394;94;128;dimanche;11;00;Messe dominicale;93;127;
395;95;129;dimanche;11;00;Messe dominicale;94;128;
396;98;133;dimanche;11;00;Messe dominicale;97;132;
397;99;137;dimanche;11;00;Messe dominicale Espagnol;98;136;
398;99;134;dimanche;11;15;Messe dominicale;98;133;
399;97;131;dimanche;11;15;Messe dominicale;96;130;
400;98;133;dimanche;12;00;Messe dominicale;97;132;
401;96;130;dimanche;12;00;Messe dominicale;95;129;
402;99;137;dimanche;12;30;Messe dominicale;98;136;
403;99;137;dimanche;18;00;Messe dominicale Jeune;98;136;
404;97;131;dimanche;18;00;Messe dominicale Latin, Rite extraordinaire tridentin (missel saint Pie V / Jean XXIII);96;130;
405;98;133;dimanche;18;30;Messe dominicale;97;132;
406;99;134;dimanche;18;30;Messe dominicale Jeune;98;133;
407;101;136;dimanche;18;30;Messe dominicale;100;135;
408;96;130;dimanche;18;45;Messe dominicale;95;129;
409;96;130;dimanche;18;45;Messe dominicale;95;129;
410;95;129;dimanche;19;00;Messe dominicale;94;128;
411;97;131;dimanche;19;00;Messe dominicale;96;130;
412;102;139;samedi;11;00;Messe dominicale à l’oratoire, avec possibilité de brancardage de la part de l’équipe de l’aumônerie;101;138;
413;102;139;samedi;16;00;Messe dominicale à l’oratoire, avec possibilité de brancardage de la part de l’équipe de l’aumônerie;101;138;
414;103;140;samedi;17;15;Messe dominicale;102;139;
415;104;141;samedi;18;00;Messe dominicale;103;140;
416;105;142;samedi;18;30;Messe dominicale;104;141;
417;106;143;samedi;18;30;Messe dominicale;105;142;
418;107;144;samedi;18;30;Messe dominicale;106;143;
419;108;145;samedi;18;30;Messe dominicale;107;144;
420;108;145;samedi;18;30;Messe dominicale;107;144;
421;109;146;samedi;18;30;Messe dominicale;108;145;
422;110;147;samedi;18;30;Messe dominicale;109;146;
423;111;148;samedi;18;30;Messe dominicale;110;147;
424;108;93;samedi;18;30;Messe dominicale;107;92;
425;112;149;samedi;22;00;Messe dominicale;111;148;
426;112;149;dimanche;07;00;Messe dominicale;111;148;
427;106;143;dimanche;09;00;Messe dominicale;105;142;
428;110;147;dimanche;09;00;Messe dominicale;109;146;
429;111;148;dimanche;09;00;Messe dominicale;110;147;
430;104;150;dimanche;09;00;Messe dominicale;103;149;
431;104;141;dimanche;09;00;Messe dominicale;103;140;
432;108;151;dimanche;09;00;Messe dominicale;107;150;
433;107;144;dimanche;09;30;Messe dominicale;106;143;
434;105;142;dimanche;10;00;Messe dominicale;104;141;
435;106;143;dimanche;10;30;Messe dominicale;105;142;
436;109;146;dimanche;10;30;Messe dominicale;108;145;
437;110;147;dimanche;10;30;Messe dominicale;109;146;
438;112;149;dimanche;11;00;Messe dominicale;111;148;
439;107;144;dimanche;11;00;Messe dominicale;106;143;
440;108;145;dimanche;11;00;Messe dominicale Garderie, Éveil à la foi;107;144;
441;111;148;dimanche;11;00;Messe dominicale;110;147;
442;108;93;dimanche;11;00;Messe dominicale;107;92;
443;104;152;dimanche;11;00;Messe dominicale;103;151;
444;104;141;dimanche;11;00;Messe dominicale;103;140;
445;105;142;dimanche;11;30;Messe dominicale;104;141;
446;107;144;dimanche;15;30;Messe dominicale Entrer par le 12 rue St Bruno (entrée latérale), Roumain;106;143;
447;112;149;dimanche;18;00;Messe dominicale;111;148;
448;105;142;dimanche;18;30;Messe dominicale;104;141;
449;112;149;dimanche;22;00;Messe dominicale;111;148;
450;113;153;samedi;18;30;Messe dominicale;112;152;
451;114;154;samedi;18;30;Messe dominicale;113;153;
452;115;155;samedi;18;30;Messe dominicale;114;154;
453;116;156;samedi;18;30;Messe dominicale;115;155;
454;117;157;samedi;18;30;Messe dominicale;116;156;
455;118;158;samedi;19;00;Messe dominicale Portugais;117;157;
456;119;159;dimanche;09;00;Messe dominicale;118;158;
457;116;156;dimanche;09;00;Messe dominicale;115;155;
458;118;158;dimanche;09;00;Messe dominicale À la chapelle Notre-Dame de la Paix;117;157;
459;113;153;dimanche;09;30;Messe dominicale Grégorien;112;152;
460;116;156;dimanche;10;00;Messe dominicale Polonais;115;155;
461;120;160;dimanche;10;30;Messe dominicale;119;159;
462;114;154;dimanche;10;30;Messe dominicale;113;153;
463;121;161;dimanche;11;00;Messe dominicale;120;160;
464;113;153;dimanche;11;00;Messe dominicale Messe solennelle;112;152;
465;119;159;dimanche;11;00;Messe dominicale;118;158;
466;115;155;dimanche;11;00;Messe dominicale;114;154;
467;122;162;dimanche;11;00;Messe dominicale Pour les couples en espérance d'enfant.;121;161;
468;116;156;dimanche;11;00;Messe dominicale;115;155;
469;117;157;dimanche;11;00;Messe dominicale;116;156;
470;118;158;dimanche;11;00;Messe dominicale Portugais;117;157;
471;116;163;dimanche;11;15;Messe dominicale;115;162;
472;113;153;dimanche;17;00;Messe dominicale Créole;112;152;
473;116;163;dimanche;18;30;Messe dominicale;115;162;
474;123;164;samedi;16;00;Messe dominicale;122;163;
475;124;165;samedi;18;00;Messe dominicale;123;164;
476;125;166;samedi;18;00;Messe dominicale;124;165;
477;126;167;samedi;18;30;Messe dominicale Messe précédée à 17h30 de l'adoration du Saint Sacrement et possibilité de se confesser;125;166;
478;127;168;samedi;18;30;Messe dominicale;126;167;
479;128;169;samedi;18;30;Messe dominicale;127;168;
480;129;170;samedi;21;00;Messe dominicale;128;169;
481;127;168;dimanche;09;00;Messe dominicale;126;167;
482;118;171;dimanche;09;15;Messe dominicale;117;170;
483;125;166;dimanche;09;30;Messe dominicale;124;165;
484;130;172;dimanche;10;00;Messe dominicale;129;171;
485;128;169;dimanche;10;00;Messe dominicale;127;168;
486;126;167;dimanche;10;30;Messe dominicale;125;166;
487;127;168;dimanche;10;30;Messe dominicale;126;167;
488;129;170;dimanche;10;30;Messe dominicale;128;169;
489;124;165;dimanche;11;00;Messe dominicale;123;164;
490;118;171;dimanche;11;00;Messe dominicale;117;170;
491;125;166;dimanche;11;00;Messe dominicale;124;165;
492;124;165;dimanche;18;00;Messe dominicale;123;164;
493;125;166;dimanche;18;00;Messe dominicale;124;165;
494;127;168;dimanche;18;30;Messe dominicale;126;167;
495;129;170;dimanche;19;00;Messe dominicale À l'Oratoire;128;169